{
    "External Xref Type": {
        "b81b6d3d-6b0c-4641-a1d0-ab5fc15afa3b": "Building Permit Number", 
        "956c9b60-7692-43f8-9ae1-54c8597e0031": "California Historic Landmark Number", 
        "908f32ef-7e0a-47a2-b026-0827ba285d2a": "California Point of Historical Interest Number", 
        "7b84fb44-98e2-4a84-8b11-2bd622987000": "California Register of Historic Resources Number", 
        "5fc7797f-d86b-40cb-ae15-0b9f23c4a3db": "HKU Library Item ID", 
        "e1f6e365-d397-47c3-94d3-1ec3e5f46349": "House ID", 
        "67a0835b-207d-46f6-943e-866e4e752e4c": "Los Angeles Historic Cultural Monument Number", 
        "6ae93076-9c98-434b-834b-942510defc37": "National Register of Historic Places Reference Number", 
        "1b0d1983-20ff-42c3-bf1f-9fd6caab68f6": "Persistent Identifier (PI)", 
        "8381ebef-10ea-4267-972a-d95d5dfe1ea8": "Processing ID", 
        "80eb2de5-2e47-40c7-8987-bf937becd4a1": "Property Identification Number", 
        "ed013ace-7945-4419-9ca2-05e713ebc459": "SurveyLA ID", 
        "2b93cf76-bd6f-4206-bd3d-cc68e973eb92": "URL"
    }, 
    "Beginning Of Existence Type": {
        "75e3ee0b-340e-4c81-acad-1bc97a255bfc": "Birth Date (of a person)", 
        "1385bddf-30e8-40b0-b175-cfaf6d906488": "Built Date (of a built site)", 
        "b24a006f-98dd-4f90-a121-42d893592c0c": "Creation Date (of an information resource?)", 
        "5a6ebe20-b979-40c6-81a4-c051c23a73f7": "Formation Date (of a group)", 
        "c5aacd2d-1936-485d-986c-4544457dbd03": "Restoration Date", 
        "5fab9c77-8b86-4154-9d92-2dc7f0386ea1": "Start Date (of an activity/event)"
    }, 
    "Address Type": {
        "4bbe0b0e-3a0f-4390-9e9a-d9697e05cc50": "Alternative", 
        "0c86c632-1a02-4f9e-a791-35e9e2fa3c0f": "Originating from", 
        "ed665b7f-9f64-45c6-a14f-9329fa7caa87": "Primary", 
        "e86f1344-e9ca-46a3-aa99-3a77b298861d": "Settlement Area"
    }, 
    "Keyword": {
        "2134d612-29a2-44c0-b800-33a13c82e29b": "'Five Wais (Walled villages) and Six Tsuens (Villages)' of the Tang clan", 
        "4fa59b9d-92cc-4493-986d-9377b4e93114": "Art", 
        "559e6d91-5a77-45bc-9296-f2ea09ceeea1": "Authorized Architect", 
        "9886df17-b992-4f83-98de-8333e3f60c58": "Confucianism", 
        "4e9d4311-6418-4091-ba81-fdf0374de8f6": "Docomomo", 
        "1cbcf1f1-6cc1-4ac4-b97c-54aff58be736": "Fire Dragon Dance", 
        "931d7738-eb9b-4a29-a07a-0f6505283b90": "Great Five Clans of Hong Kong \u65b0\u754c\u4e94\u5927\u6c0f\u65cf - \u9127\u6587\u5ed6\u4faf\u5f6d", 
        "4de94a1d-3f46-475b-9510-c89dac6c7555": "HKIA", 
        "d7cfa5f2-eea2-46e5-bcb7-878505420db0": "Hakka \u5ba2\u5bb6\u4eba", 
        "525d2c7e-d72e-41e6-98fc-641a3b29ea08": "Japanese Gendarmerie (Kempeitai \u61b2\u5175\u968a)", 
        "26d0127a-a21d-4380-b3fa-1098104546db": "MICE", 
        "d67dba8e-48b4-43ce-b03e-81e0a1fd31c0": "Modern Architecture", 
        "5a207b44-4d9b-4c7f-9c0f-99ec54148692": "Parsi", 
        "f4eb9fcd-f028-4674-aaf9-c0d01573864f": "Pokfulam Village Fire Dragon Dance", 
        "3b574c4a-f0b3-48b4-b484-b14ce6168557": "Public Housing", 
        "aeb5401e-2335-43c9-8a48-9a4440ea0d1a": "RIBA", 
        "233c56b9-bae4-4838-b572-c0a0182b82a2": "Religion", 
        "0ea01a6b-8ad9-4b0a-8adf-7876be43cc44": "Tang clan \u9127\u65cf", 
        "54715c7e-7ca4-47f9-a66e-c329128030cb": "The University of Hong Kong \u9999\u6e2f\u5927\u5b78", 
        "0a3053e8-cc46-4455-9460-d6ecaccd1bd8": "Tin Hau \u5929\u540e"
    }, 
    "External Source": {}, 
    "Activity Type": {
        "80838698-01bc-4e42-948b-609e3fbe4d83": "Archaeological Intervention", 
        "414b463f-9438-4830-922c-ba1965e0b3d3": "Field Survey xx", 
        "e86e94ed-f0fa-41e1-aa7d-8bca930e4b4b": "Heritage Assessment"
    }, 
    "Name Type": {
        "466260e8-4825-48d2-b8aa-7d1befefe74b": "Alternative", 
        "0339d37d-bbbf-4c64-85e1-b92fc740f2fa": "Historic", 
        "a4c88313-52c5-4b6a-9579-3fc5aad17335": "Primary"
    }, 
    "Resource to Resource Relationship Types": {
        "ac41d9be-79db-4256-b368-2f4559cfbe55": "is related to"
    }, 
    "End Of Existence Type": {
        "fc67f54c-4adc-403a-bc04-347e495ddc7b": "Death Date (of a person)", 
        "c7bdb692-29dc-454d-aa63-9facf70f13ac": "Demolition Date (of a built site?)", 
        "4174108b-ec8b-4484-a43f-5144aab5454d": "Destruction Date (? no idea)", 
        "0953a03d-b34d-4181-b909-0444b30889ea": "Dissolution Date (of a group)", 
        "8b756e81-50bb-4138-bad6-e16e27574b27": "End Date (of an activity/event)"
    }, 
    "Description Type": {
        "6a84569c-4dd5-435e-9f77-d2e8f901ac52": "Architectural Description", 
        "a27bc4f6-4584-43ef-b703-129bf6262934": "Comments", 
        "9557d09b-7155-47d0-aff2-980d2a3f386e": "Dissertation Abstract", 
        "6e67fa52-0189-4093-b908-c74fb0da3eeb": "General Description", 
        "282abb61-ebe9-43f8-b18e-8a749b5f4398": "Primary", 
        "c419dd74-9133-45f3-a5f2-b13fa42282e7": "Resources", 
        "051b3edd-4c92-4e7d-9b70-e129a8182ac7": "Summary of Significance"
    }, 
    "Administrative Subdivision Type": {
        "7d2a653a-bdc0-4137-b611-d66e73412ae2": "District Offices \u5340\u6c11\u653f\u4e8b\u52d9\u8655:", 
        "f9e35384-0069-4207-a523-9b5520ae22db": "Kaifong Associations \u8857\u574a\u6703:"
    }, 
    "Geometry Qualifier": {
        "de4b85b4-ffbc-4288-82a4-279415b33d62": "access point", 
        "b6426826-d3c9-41e5-8f8c-3daa168458a9": "buffer polygon", 
        "a9c12b5a-e429-4f2a-85d5-e40ff18ecfee": "center line", 
        "b843bfb2-aa42-4bf0-8cc3-9e6b143bdbac": "center point", 
        "a6944ee9-ae15-4036-a5c5-e2513bd4c077": "circumscribed polygon", 
        "ac367ad7-e6e9-4545-acad-d0347adcd14c": "facade point", 
        "8b4b0b6d-938a-4da2-830c-a3c1ac1c45ec": "footprint polygon", 
        "86fd6fa4-3b44-45f8-ab32-d6caa19c74af": "perimeter polygon", 
        "e3f2cba9-ffe4-4a36-a44e-be290fb2ba84": "property line", 
        "865f5f3b-e0fc-4115-a437-e8c1566ae606": "site datum point", 
        "322dbcd3-a2f3-4a74-b56b-08ecb5df211b": "vicinity point"
    }
}