{
    "External Xref Type": {
        "b81b6d3d-6b0c-4641-a1d0-ab5fc15afa3b": "Building Permit Number", 
        "956c9b60-7692-43f8-9ae1-54c8597e0031": "California Historic Landmark Number", 
        "908f32ef-7e0a-47a2-b026-0827ba285d2a": "California Point of Historical Interest Number", 
        "7b84fb44-98e2-4a84-8b11-2bd622987000": "California Register of Historic Resources Number", 
        "5fc7797f-d86b-40cb-ae15-0b9f23c4a3db": "HKU Library Item ID", 
        "e1f6e365-d397-47c3-94d3-1ec3e5f46349": "House ID", 
        "67a0835b-207d-46f6-943e-866e4e752e4c": "Los Angeles Historic Cultural Monument Number", 
        "6ae93076-9c98-434b-834b-942510defc37": "National Register of Historic Places Reference Number", 
        "1b0d1983-20ff-42c3-bf1f-9fd6caab68f6": "Persistent Identifier (PI)", 
        "8381ebef-10ea-4267-972a-d95d5dfe1ea8": "Processing ID", 
        "80eb2de5-2e47-40c7-8987-bf937becd4a1": "Property Identification Number", 
        "ed013ace-7945-4419-9ca2-05e713ebc459": "SurveyLA ID", 
        "2b93cf76-bd6f-4206-bd3d-cc68e973eb92": "URL"
    }, 
    "Language": {
        "6e4aaa55-1be4-4961-8353-26dbbc35e05a": "Afro-Asiatic language family", 
        "b2f0ed5e-f70c-46a8-8cb0-63030723822f": "Algonquian language family", 
        "a7577410-90ab-4fe5-966f-5a0a7e4c99f2": "Austroasiatic language family", 
        "118fe85e-fb38-4adc-a468-6f485d2e82d5": "Austronesian language family", 
        "5bf76f70-1541-4c9a-9821-dfcad1334f9d": "Aymaran language family", 
        "032d7733-cab3-461a-ac66-f30d692b3f68": "Constructed language family", 
        "19d2ac27-b409-47ba-b9d0-e29be897e73e": "Creole language family", 
        "baa3d08f-9ace-442b-831a-1924c2331887": "Dene-Yeniseian language family", 
        "ad33ea72-6907-4179-b233-1e00becf4cce": "Dravidian language family", 
        "c72ce21e-db4f-40bc-aa23-f6e3736bb1fd": "Eskimo-Aleut language family", 
        "85a03072-60c6-4578-9a7e-e2778e01b447": "Indo-European language family", 
        "37a3c1a3-e901-42b5-89ee-bc96402710d3": "Japonic language family", 
        "9933431e-0b9e-49ec-8b84-c23d0a1a0845": "Koreanic language family", 
        "7652054f-96bb-4a80-ae2c-17fa9f133391": "Language isolate language family", 
        "a6e809b5-d924-4ef4-9a54-bc044acfa46f": "Mongolic language family", 
        "6fe4b27c-9141-45f6-92d5-9d0a32311cfc": "Niger-Congo language family", 
        "afc993e1-27cf-4ba4-844d-ee03bb34ddda": "Nilo-Saharan language family", 
        "50d8053a-d2a0-48c4-ad7e-9363399f5a06": "Northeast Caucasian language family", 
        "59bca511-679e-4293-b834-be55a5aba845": "Northwest Caucasian language family", 
        "a97c6303-bd2a-4216-8cb6-b1e74b687b1b": "Quechuan language family", 
        "d14bf3f4-44ff-4e3a-babb-cd316281f696": "Sino-Tibetan language family", 
        "cb651237-6a38-415d-aef1-05add5d114d7": "South Caucasian language family", 
        "91e1cee3-7a3e-417d-b04d-37aa47a5d353": "Tai-Kadai language family", 
        "0ecaef06-bafe-4542-8005-38743f81512c": "Tupian language family", 
        "c7be5fa6-f199-4a7b-a279-5fd93c08acb9": "Turkic language family", 
        "1a43b583-25a3-46b0-ae19-32b5956c01db": "Uralic language family"
    }, 
    "Keyword": {
        "2134d612-29a2-44c0-b800-33a13c82e29b": "'Five Wais (Walled villages) and Six Tsuens (Villages)' of the Tang clan", 
        "4fa59b9d-92cc-4493-986d-9377b4e93114": "Art", 
        "559e6d91-5a77-45bc-9296-f2ea09ceeea1": "Authorized Architect", 
        "9886df17-b992-4f83-98de-8333e3f60c58": "Confucianism", 
        "4e9d4311-6418-4091-ba81-fdf0374de8f6": "Docomomo", 
        "1cbcf1f1-6cc1-4ac4-b97c-54aff58be736": "Fire Dragon Dance", 
        "931d7738-eb9b-4a29-a07a-0f6505283b90": "Great Five Clans of Hong Kong \u65b0\u754c\u4e94\u5927\u6c0f\u65cf - \u9127\u6587\u5ed6\u4faf\u5f6d", 
        "4de94a1d-3f46-475b-9510-c89dac6c7555": "HKIA", 
        "d7cfa5f2-eea2-46e5-bcb7-878505420db0": "Hakka \u5ba2\u5bb6\u4eba", 
        "525d2c7e-d72e-41e6-98fc-641a3b29ea08": "Japanese Gendarmerie (Kempeitai \u61b2\u5175\u968a)", 
        "26d0127a-a21d-4380-b3fa-1098104546db": "MICE", 
        "d67dba8e-48b4-43ce-b03e-81e0a1fd31c0": "Modern Architecture", 
        "5a207b44-4d9b-4c7f-9c0f-99ec54148692": "Parsi", 
        "f4eb9fcd-f028-4674-aaf9-c0d01573864f": "Pokfulam Village Fire Dragon Dance", 
        "3b574c4a-f0b3-48b4-b484-b14ce6168557": "Public Housing", 
        "aeb5401e-2335-43c9-8a48-9a4440ea0d1a": "RIBA", 
        "233c56b9-bae4-4838-b572-c0a0182b82a2": "Religion", 
        "0ea01a6b-8ad9-4b0a-8adf-7876be43cc44": "Tang clan \u9127\u65cf", 
        "54715c7e-7ca4-47f9-a66e-c329128030cb": "The University of Hong Kong \u9999\u6e2f\u5927\u5b78", 
        "0a3053e8-cc46-4455-9460-d6ecaccd1bd8": "Tin Hau \u5929\u540e"
    }, 
    "External Source": {}, 
    "Right Type": {
        "b628a1dd-bcfa-400a-978b-f81b441e50b2": "Copyright - All Rights Reserved", 
        "e4ad84d0-f687-4ed8-ae67-6756a0d1937c": "Copyright License (e.g. Creative Commons)", 
        "53512bc5-456f-45ba-877a-21463822348c": "Docomomo", 
        "ebd7451d-e8ce-49c6-baca-67c7856ab014": "No Known Copyright Restriction", 
        "521c873e-e432-4bb7-b7a1-fe0ee4d03ce6": "Public Domain"
    }, 
    "Title Type": {
        "85491ddd-0a69-4d61-8d2d-e3bb4cfe18f9": "Alternative", 
        "173a7968-df95-4abb-be64-2732d0c756ce": "Primary"
    }, 
    "Information Resource Type": {
        "d4b0db9e-63ac-4a39-8efd-b11a4348e757": "Collection", 
        "ac409c67-96a0-4240-826c-d7c24463aaed": "Dataset", 
        "e95a2ab3-55a1-48fd-aa86-e0155b43f73e": "Document/Text", 
        "f046e206-df5d-4ce7-ad0a-99545165bf9c": "Image", 
        "fe187d72-dcd9-4b75-9a9f-0cab0d034b81": "Interactive Resource", 
        "fbc65441-c820-4b06-b877-884d3f7975e5": "Physical Object", 
        "236cb9af-38b3-44f5-9994-aee99e7254ac": "Service", 
        "4a8f5d32-2ad0-47b5-b135-b9b7c084d029": "Software", 
        "7e5eef25-1646-4437-8f53-946f3ecb85b7": "Sound"
    }, 
    "Resource to Resource Relationship Types": {
        "ac41d9be-79db-4256-b368-2f4559cfbe55": "is related to"
    }, 
    "Description Type": {
        "6a84569c-4dd5-435e-9f77-d2e8f901ac52": "Architectural Description", 
        "a27bc4f6-4584-43ef-b703-129bf6262934": "Comments", 
        "9557d09b-7155-47d0-aff2-980d2a3f386e": "Dissertation Abstract", 
        "6e67fa52-0189-4093-b908-c74fb0da3eeb": "General Description", 
        "282abb61-ebe9-43f8-b18e-8a749b5f4398": "Primary", 
        "c419dd74-9133-45f3-a5f2-b13fa42282e7": "Resources", 
        "051b3edd-4c92-4e7d-9b70-e129a8182ac7": "Summary of Significance"
    }, 
    "Administrative Subdivision Type": {
        "7d2a653a-bdc0-4137-b611-d66e73412ae2": "District Offices \u5340\u6c11\u653f\u4e8b\u52d9\u8655:", 
        "f9e35384-0069-4207-a523-9b5520ae22db": "Kaifong Associations \u8857\u574a\u6703:"
    }, 
    "Information Carrier Format Type": {
        "63180f1c-6c0d-4fca-9ebe-475839f32397": "DIGITAL FILE FORMAT", 
        "d1f1813d-8cf2-4e9f-abf2-c6f3d0152bfe": "PHYSICAL MATERIAL"
    }, 
    "Geometry Qualifier": {
        "de4b85b4-ffbc-4288-82a4-279415b33d62": "access point", 
        "b6426826-d3c9-41e5-8f8c-3daa168458a9": "buffer polygon", 
        "a9c12b5a-e429-4f2a-85d5-e40ff18ecfee": "center line", 
        "b843bfb2-aa42-4bf0-8cc3-9e6b143bdbac": "center point", 
        "a6944ee9-ae15-4036-a5c5-e2513bd4c077": "circumscribed polygon", 
        "ac367ad7-e6e9-4545-acad-d0347adcd14c": "facade point", 
        "8b4b0b6d-938a-4da2-830c-a3c1ac1c45ec": "footprint polygon", 
        "86fd6fa4-3b44-45f8-ab32-d6caa19c74af": "perimeter polygon", 
        "e3f2cba9-ffe4-4a36-a44e-be290fb2ba84": "property line", 
        "865f5f3b-e0fc-4115-a437-e8c1566ae606": "site datum point", 
        "322dbcd3-a2f3-4a74-b56b-08ecb5df211b": "vicinity point"
    }
}