{
    "Style": {
        "1e67d9e3-9be3-4e9f-a2d7-da8de7012ba4": "Academic Classical", 
        "df8c49f0-4695-44fa-8509-6d085e53b59f": "Adobe", 
        "685df040-c6c8-40ca-9a57-8209d6f02bf9": "Adobe, Late Revival ", 
        "3f52c7ef-8621-4b07-8936-be33d950cbc7": "American Colonial Revival", 
        "da3e6941-0d1e-43f4-90dc-ca8aaebbb1bc": "American Foursquare", 
        "8a6a561a-a5bd-48eb-9fd3-c272560de4a1": "Arroyo Stone", 
        "0ed81888-553f-4fa4-88c4-5263ca0b610b": "Art Deco", 
        "5a9cc388-c298-4c58-90e6-69f404f39129": "Art Nouveau", 
        "49b6ca8f-3ba8-4f7c-9192-780c20db41a2": "Arts and Craft", 
        "90cb0281-8ce5-4a94-b327-7cd56cb2c6f5": "Beaux Arts Classicism", 
        "7553b617-4804-478c-92dd-8b5ae427012a": "Brutalist", 
        "4c75cb73-e8c0-4f2a-b5ba-0a8e0c56d160": "Bungalow", 
        "a7c63399-96d3-45de-a1e6-8f2b00acb56a": "Byzantine", 
        "6d6b6405-0806-4a8a-ad95-c17ab57f5625": "Chateauesque ", 
        "206e77d7-a7b2-4399-a7e3-4ecb92f782dd": "Chateauesque, Late", 
        "02793732-c429-4104-9b52-f3a9849443ee": "Chicago School", 
        "1a35185f-fc7c-403e-9e68-a1bcf10b577f": "Chinese, Cantonese Lingnan", 
        "2f4c3d34-a85b-46c7-a67b-0da9bc8cc5b5": "Chinese, Cantonese Teochew", 
        "9c5f4d60-95cb-4ae5-910e-8a84e23c6bcc": "Chinese, Fujianese", 
        "56ad17d6-9265-4cb9-a990-d0169533db6a": "Chinese, Hakka", 
        "3f6d061a-69c6-4bbf-b380-2ab1cd35ddd2": "Chinese, Ming Dynasty Vernacular", 
        "da809a41-6b27-4b9d-b998-9504732c0e43": "Chinese, Other", 
        "0356c5f6-b0ed-4bc0-9ef0-aadb74626c04": "Chinese, Qing Dynasty Vernacular", 
        "58fad312-51f9-4fa9-a900-8853260c0b2e": "Chinese, Renaissance", 
        "a8246532-444e-468d-a569-9d8092358ae2": "Classic Revival", 
        "6e5120ad-395e-4b66-89f1-cfd385e0f559": "Colonial Georgian / Regency", 
        "fc1fde6f-bbfd-4820-8dff-943558953073": "Colonial Revival", 
        "3a57126c-9944-40dd-b9fa-894bd17f9b23": "Colonial Vernacular", 
        "bd27e381-49d8-4b5c-a599-d61d20d60b58": "Commercial, Vernacular ", 
        "f811185c-af52-4658-ab8d-96583fdfdd52": "Corporate International", 
        "9eb68d61-3653-4e7a-bee0-2668463d7499": "Craftsman", 
        "0bcac83b-bc1e-48fa-bd53-8d8cbfb8971f": "Craftsman, Airplane Bungalow", 
        "926af0b6-e7c8-4926-a0fc-ca8a17e507e3": "Craftsman, Japanese", 
        "b55d8b02-fd2d-4353-8c07-dd2655564f7e": "Craftsman, Swiss", 
        "c36a7f87-0f22-489b-a4b9-7abfd0ccce38": "Deconstructivist", 
        "729ca8b4-dd03-4248-91c9-6c1eb53c8668": "Dingbat", 
        "ad03280c-9da1-4c77-977e-1ac331994c84": "Dutch Colonial Revival", 
        "c80fb2a2-e145-4bf5-9357-8e8570afcf34": "East Asian Eclectic", 
        "ccc32e86-2d51-4668-995a-6efeb493229a": "Edwardian", 
        "2494b173-1f7b-4ed4-8056-6e49081f53e8": "Edwardian Baroque", 
        "25266311-1b2b-487c-81c2-877cf742ef56": "Egyptian Revival", 
        "e435097e-435e-402d-9a03-918073be0f64": "Exotic Revival", 
        "a6d74dad-4ad7-4b3d-93ca-ce5b2a5cef67": "Expressionist", 
        "37995022-8451-4a62-849a-fccea0e887e6": "Folk Victorian ", 
        "de2af902-0340-4494-91c4-0a3d0678cb16": "Free Classical", 
        "3deaaaab-f0df-4a62-8c4e-b2bc5db7ed66": "French Revival (Norman) ", 
        "abd9a97c-c1d7-4137-a938-19b0d2d411f0": "Georgian Revival", 
        "2dd1286a-40be-4fa1-92cf-b8fce0e4dc50": "Googie", 
        "b873ac2e-184f-47ec-a674-a08ab6ac76cb": "Gothic Revival", 
        "be6bba98-51cc-4e83-98d7-d49df82da865": "Gothic Revival, Late", 
        "16cbfbc1-0e04-41eb-8133-23f9c0f34726": "Greek Revival", 
        "e7585433-41a9-4d1c-b2ad-fc35bb2b6e81": "High Tech", 
        "f3f531aa-6a57-4530-b862-7a3218ec43f7": "Hollywood Regency", 
        "d5c81f1d-d1a8-4380-92df-03e80ab33a9b": "Hollywood Regency, Late", 
        "f3775517-d288-46f7-9439-c36ca4b04ea0": "Indian Mughal (Mogul) Style", 
        "41ec965f-2543-4cdd-a4c1-42fad87d496d": "Industrial, Utilitarian", 
        "10b721ce-02c6-4f8b-9577-a72147453ec6": "International", 
        "8f605828-f781-40cd-ae4a-fa7ff105006f": "Interwar", 
        "05af79b5-bbc3-4bed-94ac-d35376031743": "Italianate", 
        "afd576ea-74cb-4232-b364-85c13e2438a5": "Mannerist", 
        "8ba7fd8e-cf1f-41f6-87c2-312dc1422069": "Mayan ", 
        "5a987c25-4316-454d-8fd0-7648a028ac22": "Mediterranean Revival", 
        "1ed7bb20-63cc-42d7-9c57-2e08b887c9ce": "Minimal Traditional", 
        "79aaf2ec-deea-4c3f-9816-8b036b86ad7a": "Mission Revival", 
        "4b428f9b-c87d-4cdb-ac1e-f16dbdc6f9a9": "Modern", 
        "e4ac9dd9-442d-446b-974f-7da41694bfc5": "Modern Eclectic", 
        "4e9ffd6f-5437-402a-9cf9-30a6a00f90f0": "Modern, Early ", 
        "db2330df-ba84-4396-928a-dad1bddadf9b": "Modern, Late", 
        "57035060-727a-4bf8-a44a-bdfecca76a4e": "Modern, Mid-Century", 
        "46c7db6f-34d3-4d2c-b2c1-8b6e1758fcfe": "Moderne", 
        "307552d8-932d-4243-8bdf-764df2ee9183": "Moderne, Late", 
        "c8d1958f-31cd-497f-9b8c-0ad7c38c1306": "Moderne, PWA", 
        "982e8ee9-0452-4694-9998-6fad0d15253e": "Moderne, Streamline", 
        "81675ac4-b644-4527-ba66-25f5c79c4df3": "Monterey Revival", 
        "2542bad5-0ced-46d7-bb1a-0d5ee2877131": "Moorish", 
        "062f8922-2be1-47ec-a4c7-6cbbd4ac5fd7": "Moorish Revival", 
        "0b677fa1-9627-4060-8a96-46bfcb54dc4f": "Neo-Gothic", 
        "aabef022-a667-4cd2-9caa-86ec36b71fc9": "Neoclassical", 
        "01d41157-3d14-4e0a-84e6-3d901c669dad": "New Formalist", 
        "b847469e-3da9-4e4e-91ae-5c6120d892b7": "New Millenium", 
        "94cf58d4-2629-4ec3-8520-11456a365e6e": "No style", 
        "6a7a609c-118f-449d-8d6a-a0377e3f8c36": "Not Applicable", 
        "2d87346c-cfa3-47a1-ab61-74eda30a2f51": "Old English", 
        "c8335cee-de92-4e8d-a7c0-27348eb38e48": "Other", 
        "d33f1558-0648-4042-b3aa-6289880edb10": "Palazzo", 
        "3509e48c-4b3f-4a9e-b852-04cc1d946de2": "Picturesque Gothick", 
        "924e881a-d229-474a-a8d6-67243e1ce34f": "Post Modern", 
        "7472c5a5-4a76-42f6-aea9-4e79b2cd2c80": "Prairie", 
        "1af95883-4ae0-45a6-95bb-b9dc9a93d4f3": "Programmatic/Mimetic", 
        "ce52989a-7ecf-42c3-bdd4-a7dba3e935ba": "Pueblo Revival", 
        "d20e84e0-6090-4e76-9c60-a6211a1fa429": "Qing Dynasty Vernacular", 
        "a0ea2e37-6902-4056-8840-28c11e76e2a7": "Queen Anne", 
        "b4c7122e-b174-4ec2-baac-2e77a2bca007": "Ranch, American Colonial ", 
        "1f8b423a-be1c-4697-bb0f-ea4369e8a242": "Ranch, Cape Cod ", 
        "892ec41a-1ff5-431c-a0aa-56304a8d3ec0": "Ranch, Cinderella ", 
        "2033175b-53f9-43a4-97de-a17354e32694": "Ranch, Commercial", 
        "ee6e3938-b984-456a-b643-413dc8853a93": "Ranch, Contemporary ", 
        "54509a6a-627d-415a-8d7b-b00d35470548": "Ranch, Hacienda", 
        "270caf49-f1bf-4844-a60a-167ba1968b90": "Ranch, Minimal", 
        "fc938204-bb12-4f8d-85a7-473919976d8e": "Ranch, Oriental ", 
        "1001c610-20ea-42d5-912a-6ee87b18f493": "Ranch, Regency ", 
        "f5a153c6-2788-4aad-bbd8-4e2a77f98d17": "Ranch, Traditional ", 
        "04d2f496-16ba-478d-9d95-bb35ed9c71b4": "Renaissance Revival", 
        "4912d496-c7ab-4e1e-a5eb-410c492c8cb8": "Richardsonian Romanesque  ", 
        "508b783e-fc8d-4fa7-b647-f79c6b15a4d7": "Romanesque Revival", 
        "1f143b63-ce55-4b98-88a5-53d45a4c5851": "Sculptural", 
        "4d22df57-0d3f-4ca9-92f8-b77729123997": "Second Empire", 
        "b907dc06-c66d-438d-b32f-9ae94ab70d9a": "Shingle", 
        "819fe648-0349-45ac-bf14-16d10c6c4b1b": "Shophouse / Tong Lau", 
        "c8658c0a-bbae-46d2-bb82-ff3bd4ab96d0": "Skyscraper Gothic", 
        "e2f421d6-aee6-40ab-8ad7-373df10d2af3": "Spanish Colonial Revival", 
        "78fd7988-9e52-4011-bfa4-37717e3ce951": "Spanish Colonial Revival, Churrigueresque", 
        "8d4c0ef1-b730-4a7f-a825-5c20ea53623e": "Spanish Mission", 
        "7271a7f9-f15d-4730-bf84-c4d22683abe2": "Stick/Eastlake", 
        "3ad2f90a-fe26-4d1b-82c2-ce641ca5c3fc": "Storybook", 
        "32a7c188-8b0d-4464-9238-091e990ee2a4": "Stripped Classical", 
        "089cdd3d-1999-4b85-8dd3-a30982a6e840": "Taoist / Daoist", 
        "19d6f6c8-17ae-4567-acc6-14bf5884be91": "Tiki/Polynesian", 
        "7b4f372a-99af-4eec-bb7c-1443da6ebb42": "Tudor Revival", 
        "d28cbd42-b302-49ef-b51a-6d06a408124e": "Unknown/not visible", 
        "13434fbd-3985-4db1-bb48-0934692bf879": "Vernacular", 
        "b19074fe-28a2-4c0f-a1e1-89f28e4d3b11": "Victorian", 
        "1b0e401d-8249-4914-a45d-bf2d79786807": "Victorian Colonial", 
        "049b9a8f-7aa4-4c4c-ac38-23f8cfc4aaa8": "Victorian Filigree", 
        "56cccdc2-3a29-4dd1-9f97-3a1b1228fc7f": "Victorian Folk", 
        "62cdd6ba-6dc6-4855-8409-e55454a05e38": "Victorian Italianate", 
        "2ef540f4-a9fa-48b8-8277-3871584dac7a": "Victorian, Vernacular Cottage, gable roof", 
        "63407b51-6bf4-4458-8bf4-345e7f6d5448": "Victorian, Vernacular Cottage, hip roof"
    }, 
    "Threat Type": {
        "db68b3eb-6bb7-4535-a63c-fd3d1d1d0e15": "biological", 
        "a82a40f2-8bd3-45df-bfb4-cee2a7a413dd": "climate change", 
        "00323e79-289d-480a-8ddf-f8504763473a": "geological", 
        "e863b91c-35f1-460b-a9ca-c202af0a64be": "human-induced", 
        "8b55ef45-1a7d-403e-9b1d-098bb3c1e975": "hydrological", 
        "fe7a9b73-0285-41f1-a63a-6fbc2861cab6": "meteorological"
    }, 
    "Type Of Designation Or Protection": {
        "51a60c44-33a7-4e76-a714-a5f1f4052ed3": "Declared Monument", 
        "37c9b8bb-3dbf-4f26-9900-9e40c0026860": "Docomomo Watchlist", 
        "f856b906-4aaf-4a4d-9756-f6748c7dcf0d": "Grade I Historic Building", 
        "34e9b1ad-035d-4428-a61c-21f77a01783f": "Grade II Historic Building", 
        "03b4f603-3037-4636-93bc-2b82dba72b7c": "Grade III Historic Building", 
        "1def0f67-ae26-49b6-ace7-dda07f147d74": "Ownership Type", 
        "42682147-88ee-4199-b40f-9cfe0e3d0c25": "Proposed Monument", 
        "9f7b580c-3a89-40b6-b015-10ddcbbaa128": "Revitalising Historic Buildings Through Partnership Scheme \u6d3b\u5316\u6b77\u53f2\u5efa\u7bc9\u5925\u4f34\u8a08\u5283", 
        "82b7778d-74eb-489c-aa5b-dbf84c11a13b": "UNESCO"
    }, 
    "End Of Existence Type": {
        "fc67f54c-4adc-403a-bc04-347e495ddc7b": "Death Date (of a person)", 
        "c7bdb692-29dc-454d-aa63-9facf70f13ac": "Demolition Date (of a built site?)", 
        "4174108b-ec8b-4484-a43f-5144aab5454d": "Destruction Date (? no idea)", 
        "0953a03d-b34d-4181-b909-0444b30889ea": "Dissolution Date (of a group)", 
        "8b756e81-50bb-4138-bad6-e16e27574b27": "End Date (of an activity/event)"
    }, 
    "Eligibility Requirement Type": {
        "0ae8b68b-0a2d-4394-86d5-95c892abb092": "\"Mimetic\u201d refers to buildings which mimic forms which are not related to the building\u2019s use", 
        "b114d6fe-67dc-41df-aa92-2976cf5fa7a1": "\"Programmatic\u201d refers to structures whose form is directly related to the products sold within", 
        "540969c5-619a-4a0e-85f2-32629edf7d9e": "1 1/2 to 2 1/2 stories", 
        "996c57dc-76cc-4cd2-acde-12e73ba05738": "1-2 stories in height", 
        "edbad39e-aba3-40f9-910f-846c6b4a93c9": "1-2 stories in height (2nd story is often a mezzanine level)", 
        "17c06b77-86e0-4572-bff6-f9da24171121": "1-2 stories in height and horizontal orientation", 
        "a26065b8-46d8-45ec-903d-5a88c28eada4": "1-2 story building with an open interior plan for bottling equipment (equipment does not need to be present)", 
        "231d681c-08a2-4326-a5cb-29e657d66a04": "1500-3500 sq.ft. in size", 
        "e31dc047-c11b-451d-93b3-04c47630ab55": "2-12 stories in height", 
        "564c61d4-4a65-489b-ace2-2865bc7baed9": "3 to 12 stories in height", 
        "6d7309b4-0a20-4c22-950c-42d4ec284fe9": "30-40 foot high hoppers for holding cement", 
        "147d4e89-5d43-45fc-b446-b18dc76f0be4": "A definable geographic area composed of support service properties associated with the entertainment industry", 
        "3b8ca9e6-8e75-4651-a283-e30d7b30a897": "A geographically definable area composed of multiple adjacent subdivisions, or portions thereof, that have become linked over time through a shared period of development or demographic, ethnic or cultural cohesion", 
        "1c83328f-c235-4ab5-ac99-10433768bc66": "A geographically definable area composed of multiple subdivisions and/or portions of subdivisions that were either by design or circumstance developed with mostly multi-family property types", 
        "08f9a1e7-ae71-4592-a9cd-c2ccf817560f": "A grouping may be composed of a single property type or a variety of property types", 
        "04528528-7610-4ebb-9e52-c4a61e4d6bda": "A multi-family residence designed to house people working in the entertainment industry", 
        "3461cfe5-030a-4f51-94b6-9e83ccd9dcfe": "A private recreational facility that played a significant role in the history of recreation and leisure in Los Angeles", 
        "4af352db-512a-4a49-8497-3d488bb003d2": "A public or private educational institution that represents an important aspect of educational development and history in Los Angeles", 
        "0737c2a6-e8db-4e5f-8b72-e39a45730ce0": "A residence designed specifically for a significant person in the entertainment industry, or the long-term residence of a significant person in the entertainment industry", 
        "fe23016d-0109-4bbd-a6c7-7ff001c678f8": "A residential neighborhood strongly associated with the settlement and/or migration of one or more ethnic/cultural groups over time", 
        "697bb36a-274e-4524-80a1-b61b2ae3eb1a": "A residential tract, subdivision(s) or neighborhood", 
        "3de321e3-73ab-4c7d-8b47-8af27fe2578f": "A significant concentration of commercial, institutional and/or residential buildings located within a neighborhood or village center representing important patterns in commercial development, property types and architecture", 
        "1c4b7155-564a-4c14-b93a-fc18a1292bc5": "A single City Hall building or administrative center which may include other services such as police, fire, library buildings and health centers", 
        "5af1aaf7-a9a2-4b2f-b1dc-f66941cc1bbe": "A single residential tract or subdivision, or part thereof, recorded by a subdivider", 
        "3f6964a5-8484-4a2e-8bea-2affa7da4696": "A single subdisivion or group of subdivisons developed exclusively with multi-family buildings", 
        "fbb2759f-4af2-40f7-b7ee-e529ab1d41b5": "A single subdivision or group of subdivisions developed by builders for mass produced houses", 
        "c4fc2492-b8a4-4e53-a3e6-11fab24263d9": "A single-family residence designed to house people working in the entertainment industry", 
        "ffb96dc6-a876-4a53-bc46-a1c59f1cd85c": "A substantial amount of original materials should remain intact", 
        "db965c63-a05d-4bb4-8245-6e49c2fc06d3": "A sufficient number of original materials should be extant such that the historic fabric, character, and overall visual effect have been preserved", 
        "30585b51-23e4-4e3f-96e5-ee85c068308f": "A-frame facade, often over front door or front gate", 
        "f2590da0-0d42-4c4d-a870-0b6f36abecc1": "Absence of traditional ornamentation", 
        "dd6fee18-3376-4b84-a918-f3cf64ca75c4": "Abstract in form", 
        "956b618f-6d0a-4d41-8341-9d01f81966dd": "Access from the street for produce wagons (and later trucks)", 
        "a4b8541b-2989-4f23-8cbc-0c060393c4b0": "Access to the railroad through a spur track", 
        "38876bd5-0e13-46d4-9a7b-7d941cdf02be": "Accommodated multiple tenants", 
        "6702b3c1-308f-44d3-922c-a554c6598ce9": "Addition of portable or permanent buildings after the period of significance acceptable as long as original campus design is intact", 
        "8980389b-3d85-41aa-8850-917f563d61b8": "Additional buildings may have been added provided they do not detract from the original design of the industrial park", 
        "12938585-54c0-45b8-8694-54329ce5da8a": "Additions may be acceptable if not within public view, do not alter the original roofline, and are subordinate to the original design intent", 
        "9887da18-744b-4ea1-8baa-039f4c7e2063": "Additions may be allowed if not visible within public view", 
        "b69b945c-454d-45de-baaf-a9315a2a8a8b": "Adobe construction", 
        "2d017b34-44d1-4443-9406-1647c02fdf8e": "Adobe walls on some or all of the structure", 
        "7885dff9-14ab-4d11-9af6-3c91bd628fbe": "After 1960, may represent requirements of the federal and local \"percent for art\" programs", 
        "56912315-9da3-496b-b113-0119823fa8f1": "After 1968, may have been a requirement of the CRA's \"percent for art\" policy", 
        "c81356bf-4ef8-43c5-a588-955548821975": "Allows customers to purchase products without leaving their cars", 
        "ad9ecad1-ff92-45d4-a391-33f7d1090446": "Alterations to a resource during the period of pre-annexation or historic changes in its use may themselves have historical, cultural, or architectural significance", 
        "e78cd2b9-f88e-4284-b581-064a5335865f": "Alterations to garages may be permissible if not visible from the street", 
        "56ac88ee-63f1-4b72-af47-f109dc7dd4f9": "Alterations to individual buildings should be allowable under the eligibility standards for the particular style", 
        "305ded7d-cf86-4612-b6f7-8949b6cc974b": "Alterations to individual buildings should be allowable under the eligibility standards for the particular style (e.g., exterior building materials, roofing materials, replacement of doors and windows, additions)", 
        "bd46df1e-b773-474c-9ba8-5f7a9636b346": "Alterations to streetscape to accommodate increased automobile use are common; may include driveways and garages added after the period of significance"
    }, 
    "Status": {
        "5568ebdf-bbc2-48a7-b062-b4849a737f1e": "Local/Other", 
        "50301cd2-446c-43bc-a3b3-65a4fdb5e07e": "National", 
        "7f91836e-c5f2-4072-a40a-dcaa5423e7ae": "State"
    }, 
    "Recommendation Type": {
        "b05f97eb-0d69-466f-9d7d-4ad50a98c464": "archaeological intervention", 
        "8a525732-203c-4add-899c-6d38d382dc93": "field survey", 
        "3b16b66f-872f-4a70-94b5-d32e57b4db5d": "heritage assessment", 
        "7fa326e9-ee7e-4b4e-8f71-506cbacbc393": "management intervention", 
        "a2f64546-9473-4c52-9e30-b4f77ff856e0": "remote sensing"
    }, 
    "Name Type": {
        "466260e8-4825-48d2-b8aa-7d1befefe74b": "Alternative", 
        "0339d37d-bbbf-4c64-85e1-b92fc740f2fa": "Historic", 
        "a4c88313-52c5-4b6a-9579-3fc5aad17335": "Primary"
    }, 
    "Address Type": {
        "4bbe0b0e-3a0f-4390-9e9a-d9697e05cc50": "Alternative", 
        "0c86c632-1a02-4f9e-a791-35e9e2fa3c0f": "Originating from", 
        "ed665b7f-9f64-45c6-a14f-9329fa7caa87": "Primary", 
        "e86f1344-e9ca-46a3-aa99-3a77b298861d": "Settlement Area"
    }, 
    "Modification Type": {
        "c8bd8e2f-1e20-4791-8b4d-1ae6d70da05b": "Addition to primary elevation", 
        "276d6cfd-c985-4405-8a74-b3e0e0e0c713": "Addition to rear/side elevation", 
        "465f666c-8f1f-41b1-a4a6-1b77aaf154fb": "Addition to upper story", 
        "2610a5ca-6e7e-454d-9633-7017eb583410": "Appears to be unaltered", 
        "b50fdb4f-1871-4017-a8b9-246c84d5eb06": "Awnings added", 
        "fa653102-b106-42ac-b807-46c55a932ec4": "Balcony added", 
        "ceb872a9-30b2-44fe-8ad8-48e728f7802a": "Balcony altered or enclosed", 
        "c33e9862-453e-4edc-825f-99026c857a53": "Brickwork/stone painted", 
        "dfe71668-39f6-456b-a7fa-95b5569e372c": "Carport added", 
        "1a46f1c8-8483-4dfa-b61d-9d962e24768b": "Carport altered or enclosed", 
        "21c22ac8-4d25-44ff-bc90-668b7b7f8890": "Carport removed", 
        "d8c6261a-557f-46eb-b245-c4a73494abba": "Chimney altered", 
        "ad278a76-a7be-446c-8d70-42e740f28ebc": "Cockloft added", 
        "e68b7534-bb95-4273-9fa1-ed361c468f5d": "Completely altered", 
        "7c6ec253-962b-4544-9e5f-b6bf090002bb": "Decorative elements added", 
        "d837a6a4-440a-4238-8daf-b154cd5c4d85": "Decorative elements removed", 
        "1d43db0d-9303-4407-bfda-6088c491fc72": "Door (primary) opening or entrance altered", 
        "69ff15e9-ccf7-4571-bce0-4a4cf59d0812": "Door (primary) replaced", 
        "7f665333-1432-472a-bcde-20e213b41204": "Door/entrance added", 
        "9273d62b-a582-4517-8eff-02b78e0b263c": "Exterior staircases added", 
        "997bb485-4698-4158-a892-3d232c54c194": "Garage altered or replaced", 
        "09e261e1-43e8-4600-b51c-71ee70cc2cea": "Garage door replaced", 
        "114732ae-2ce5-4d54-8822-91c2b0283559": "Garage postdates residence", 
        "2a7c1f60-f221-49f1-9652-5e17ed8f0fae": "Landscape/hardscape altered", 
        "37b62cbc-5e25-43d1-8176-b230ea4f9f9b": "No major alterations", 
        "2c6ddb47-cc3d-4330-8bce-a5ce6fd5974a": "Parapet altered or removed", 
        "d07c6449-c760-440d-bfec-0e1e16588a84": "Partition walls added", 
        "5dd2245d-1836-4c30-a111-6c6491a69ad4": "Perimeter fence or wall added", 
        "ba5b4e7d-df16-4c17-ac77-9238bce861a3": "Porch added", 
        "570d9647-998b-4086-a277-80f41d4adbfa": "Porch altered or enclosed", 
        "3bcc6944-bf5c-4207-99eb-2ebfd348eafa": "Porch rails altered or replaced", 
        "ac93f472-3ea6-420b-8231-3123241bde7c": "Porch removed", 
        "ef8c76b6-8d2e-482d-90b6-287bc239f84d": "Porte cochere added", 
        "262c6657-d524-4e71-b5b4-901f54e8c304": "Porte cochere altered or removed", 
        "91c5d7ef-4858-408b-9316-09f8aea979f3": "Roof dormer added", 
        "cca06d67-910b-472c-8599-a8f4bdc3a275": "Roof dormer altered", 
        "2b17dbfa-bd99-463a-9e03-277210e61580": "Roof replaced with incompatible materials", 
        "810bed58-2d0d-450b-a39e-8a9634c2006d": "Roof structure altered", 
        "f97ee19e-aad9-4470-a350-84aa039d319c": "Roofline altered", 
        "96add9bb-dc97-452a-9332-e074c7562417": "Security door(s) added", 
        "59c76742-e3f2-4dd3-8f69-ea66eb6f68d1": "Security window bars added", 
        "160745fb-504f-47bf-8221-e600ba874101": "Seismic anchor plates added", 
        "22e5ebfc-335b-4b1a-8fb3-50b53259a165": "Signage added", 
        "26ee3315-180c-47ff-8a4c-881b67296ca6": "Signage altered", 
        "df44e69a-a500-444d-b8c3-7a33876971a5": "Signage removed", 
        "0daebb63-aeb2-4d3d-91ef-3b0ca8b631c5": "Single-family converted to multi-family", 
        "ebe499a7-3546-45dd-9a0a-9c17cd40c926": "Stonework painted", 
        "f9d4c55a-8176-4bb2-81b0-811a2265f0a1": "Storefront altered or replaced", 
        "8b9f346c-8efe-4dae-a59c-b678d5597c2f": "Structural reinforcement added", 
        "62a44405-56e8-45e2-b352-7de07b856aeb": "Unknown/not visible", 
        "d271453a-b6df-4549-9d35-6c5fd03f750a": "Wall cladding replaced", 
        "204b3871-e7ab-4e7e-b3b4-f1b414ed0082": "Window openings altered", 
        "80ea0c1d-44b1-401d-9110-f544e907f33f": "Window openings infilled", 
        "889711fe-9481-414b-b7a2-90f373da04c8": "Windows boarded up", 
        "495819fe-06fe-4628-be3a-743f612e866d": "Windows replaced - all", 
        "cfc0c741-d173-4dae-aa16-6a01b560ccae": "Windows replaced - some"
    }, 
    "Material": {
        "a6465d00-23e8-45e8-b94a-2a99545edabe": "Acryl", 
        "559179a8-f902-4e3d-aaf5-288424842743": "Adobe", 
        "1e1d6a21-b110-4edb-8d6a-4a258d6f1332": "Aluminum", 
        "2723e116-8d55-45db-a4fd-3b36cc21660e": "Asbestos", 
        "023f2bc2-3a78-4c52-bce9-d7a454895d02": "Brick (\"Chinese\" grey)", 
        "3d8b9d09-ab4c-43da-8677-7f9bd1bf360e": "Brick (carved)", 
        "49412aa9-4761-4159-bb21-a416615f03a5": "Brick (red, historic)", 
        "503b88ad-75c3-4134-9aff-4c27bd7bb30e": "Brick (red, industrial)", 
        "581ab418-0216-4097-b4ff-7ad13e4d918a": "Cast iron", 
        "637bf40f-710a-4fb4-a445-4e8c29ba0787": "Ceramic", 
        "83be7a5b-1f5e-4cef-883f-e2b8d3953431": "Clay plaster", 
        "8dfdbb30-5693-4557-8d46-fa93a95f916e": "Clay tile (glazed)", 
        "22e80ead-3e29-4589-849c-f9e610ed1998": "Clay tile (unglazed)", 
        "0d68498e-6c1f-4978-9949-301719d7a2e7": "Cob construction", 
        "66625f41-1801-46d5-8f95-5e9fc9ed4a66": "Composition shingle", 
        "5f39d6f3-ea7e-453c-9544-5bed95f645d0": "Concrete", 
        "9d956e08-d0d9-40bd-88fd-793d53958cc6": "Concrete block", 
        "3de4610d-2c93-453e-9c7f-996c26f97e85": "Concrete, poured/precast", 
        "26f4f4ae-bc29-4a80-b2ea-b549ae436cf4": "Corrugated metal", 
        "13891c4e-ce25-4af6-ad7d-bcf8e08c27f0": "Glass block", 
        "29544c69-12a8-4101-b23b-5344896cf140": "Glass skin", 
        "cc6ceea0-cc47-4b16-8f8d-c67aaac692d3": "Granite", 
        "1692e752-fabe-4406-8a9a-bed5bb81eef6": "Half timbering", 
        "e7a9beb7-21ee-4d14-b9fc-58582a11c306": "Lime plaster", 
        "ada36205-24d4-4ee8-8595-5e7f613e3536": "Lime stone", 
        "527eb2e2-69f7-42b1-b5d1-1d337a8d03e1": "Lime wash", 
        "05cda07f-9834-4043-b2cd-a88d6c68954b": "Marble", 
        "95f60254-a9e1-4879-b42e-41a1fce4b8fd": "Metal", 
        "84f48e2a-69b3-4c97-ad27-ffbba4e18a47": "Oil (surface treated with)", 
        "b93d7251-0514-4628-8e4c-6f4be2484657": "Oil paint (opaque)", 
        "d6a11492-58b5-4728-9bad-4cfc0ee3dd27": "Other", 
        "bbb18e9a-884d-406a-ba16-3f122cdb0ca2": "Plywood", 
        "6243a612-2002-4bdd-a179-4c8a358d68a6": "Pointing mortar (cement)", 
        "85e925a5-5f9e-4433-860d-68ece99f3b0a": "Pointing mortar (lime)", 
        "57bae534-8f1d-47ca-9f6c-a3709c7433f4": "Rammed Earth", 
        "e84448a8-8d62-499f-b7ea-9c0bde5269ef": "Rolled Asphalt", 
        "368e65ac-d0aa-4be0-ae88-409db2ef691c": "Sandstone", 
        "7ab26c69-3b31-4e4d-bb92-39073549a51e": "Shanghai plaster", 
        "d428d37e-fe9a-48bc-a673-fd52da2817aa": "Slate", 
        "ce21eaf7-827d-465a-a214-09419e66efd3": "Standing seam", 
        "d6e7b194-3fd8-4d43-a6d0-2dcc15079d9a": "Steel", 
        "628282ae-6d7e-4e42-b5fb-2a25747c5928": "Stone", 
        "453e69c0-fc55-4d28-888b-534a2c0c864d": "Stone, arroyo", 
        "34aca63f-dfa6-4a99-8bb2-9198b1878461": "Stone, art", 
        "04ad2d4a-5f4a-4af7-a028-684fb80d3303": "Stone, cast", 
        "5fa9c4a1-0eed-41bf-a5d5-ab3ce492b79a": "Stone, cut", 
        "469d29b1-a057-4f06-9c8d-f74a55baa91e": "Stone, natural", 
        "ba4f1b42-ac9e-4964-bafc-560c19ab4126": "Stone, simulated", 
        "4f058890-26bf-4b4c-847b-52f43beb8b32": "Stucco", 
        "437b8274-28b9-4114-aa18-38d4fe8b0f02": "Stucco, smooth", 
        "e24b5026-4676-4a1e-9787-30fac026c6a9": "Stucco, textured", 
        "f6a68e54-2bd8-431c-bf4d-27d5fde0ae18": "Terra cotta", 
        "4adcd2fd-ac8e-4749-868a-0e0da3e97f7a": "Terrazzo", 
        "ffd16ae5-0304-4463-9d03-a3ad2c3b3081": "Tile", 
        "06cfba9e-5600-416c-af98-cfa8cff86811": "Travertine", 
        "2f9cab4b-4b77-458a-adb8-5aa3a8323c7d": "Unknown", 
        "55467078-28af-4f4c-a4db-76eac8c2d500": "Vinyl", 
        "1ba82673-3e95-4797-b6b3-1bec250abdad": "Wood", 
        "9ad28ae2-7105-4ad1-9cdb-45cb170430f1": "Wood clapboards", 
        "6b23e16f-765b-4007-9353-730f90cff0eb": "Wood rustic", 
        "83abb19a-edba-4229-b875-ad1d0ce2baf9": "Wood shake", 
        "4d81c486-6795-4a17-a319-0860dd83cd1e": "Wood shingle", 
        "72c8e706-27c2-4401-a355-aecf8e7afe77": "Wood shingles", 
        "191dc679-8684-4ddd-9836-21c3712d61c0": "Wood shingles, fish scale", 
        "b2e0a5fd-e0a2-49a7-8f24-e363271295f9": "Wood tongue-and-groove", 
        "b486c15a-bedd-4086-b61a-0b228eab0f6c": "Wood vertical  boards", 
        "dcc932dc-b0fc-427b-a59b-db771578c8b8": "Wood, Board and Batten", 
        "f2772d07-da91-441a-8b6b-f09946c65ade": "Wrought iron"
    }, 
    "Measurement Type": {
        "09c50cd0-4e5a-4c08-a682-72f88901fd55": "area", 
        "73db4e75-4963-476f-a9d9-f7c2dcd69db0": "breadth", 
        "df4053a8-8c22-44a8-8400-81bb4f503d54": "depth", 
        "8af13bfd-ff0f-45fd-9ba2-7757b183faf1": "height", 
        "56680335-4073-47b1-b763-33ca34445e5c": "length", 
        "06337da5-cc19-4884-bc93-a786577bca0d": "number of courtyards", 
        "21cf77d8-e4d1-4718-bf38-529f4c74f9cf": "number of halls", 
        "5ecb13bf-7973-4cb6-8284-058c1e51cb7d": "number of storeys", 
        "ed4daa4c-a96a-442e-8f3a-7b184400a55f": "weight"
    }, 
    "Resource Classification": {
        "e105b697-df95-459b-a9f1-86fd4c44118e": "Building", 
        "4b7379fe-363a-4e3e-ac39-1e1d092e50f0": "District", 
        "1715a665-f052-41af-ac08-281e2b8b8685": "Object", 
        "65153fb9-8cff-4c60-b53b-b5e7423b46a3": "Site (Archaeological, Historical, Natural, Cluster)", 
        "7bc95638-94bc-44b7-8ce9-ac92c0a5d379": "Structure"
    }, 
    "Cultural Period": {
        "eeaee720-8269-4b61-af9a-57549b73cb47": "20th Century", 
        "27e78dd7-c52e-419e-9804-fdb3a0283aa7": "21st Century", 
        "39b7ec02-80b2-4904-bbab-16efc35e45a4": "Chinese Dynasties", 
        "628f2f5a-a82a-48b5-bd5a-234e97359d55": "EARLY MED. OR LATER", 
        "6fcd22cd-783a-45f8-bddd-3811c4d3fba2": "Early Medieval", 
        "3af856eb-4bfb-41ce-a06c-a8e62400c56b": "Japanese Occupation (1941-1945)", 
        "b181b02b-1498-4bea-ba1f-583151a36457": "Medieval", 
        "70b82d6c-4c07-4ed7-a5b4-0091dfac22b7": "PREHISTORIC OR ROMAN", 
        "4c286e21-3452-4bfa-a928-cfe8ed066cb2": "Post Medieval", 
        "b3ecb6f5-67e5-4698-8bfa-f45d3466615b": "Prehistoric", 
        "5183ec29-9fc4-42aa-8d52-a5cc989bcb0a": "Roman", 
        "8f1fbed5-ba21-41f2-b848-44944421caaa": "Uncertain"
    }, 
    "Setting Type": {
        "b7fd50a6-fc5f-42fe-a0f6-dc8f1a0c0dac": "Attached 1 side", 
        "a4e05ced-3f44-44d6-b74d-28389d66f6ee": "Attached 2 sides", 
        "47fac032-3b23-4914-a844-fb13f7081eca": "Corner", 
        "dc07ada0-e435-4bb0-8966-67b17e2854aa": "Feng Shui orientation \u98a8\u6c34", 
        "6db1772b-faa1-41dc-b13f-aa9a66814579": "Flush at sidewalk", 
        "5da7a015-b228-4a50-8ffb-64e72d30dd0d": "Hillside", 
        "2fddee10-77c9-4ddf-87f4-886132fb9a8f": "Setback from sidewalk"
    }, 
    "Component Type": {
        "dcacd807-2f3a-4f29-8787-5f172c469faa": "Ceiling", 
        "31e65d71-0fba-4f7f-8a77-40b9b7038b6a": "Chimney", 
        "9997f184-0977-4b8e-8863-734d976e9dc5": "Cladding", 
        "a6966dcc-9560-4c48-9471-9ce56c772b8d": "Details", 
        "d7f127e8-bdca-4dad-8c10-1ac007f218f9": "Door", 
        "543fab87-5710-450e-aad0-3b65c9d0020d": "Entryway", 
        "c7f67f25-ffa9-4a71-ab4c-92199aa272d9": "Roof", 
        "4e140520-ba20-4aa9-8730-3cc89134a889": "Staircase", 
        "93170ef4-c8b5-4207-aec7-5c793b32f2de": "Walls"
    }, 
    "Administrative Subdivision Type": {
        "7d2a653a-bdc0-4137-b611-d66e73412ae2": "District Offices \u5340\u6c11\u653f\u4e8b\u52d9\u8655:", 
        "f9e35384-0069-4207-a523-9b5520ae22db": "Kaifong Associations \u8857\u574a\u6703:"
    }, 
    "Condition": {
        "1f853c38-9de4-4b82-b919-78a8e8b55ca5": "fair", 
        "b3d449ee-8141-4cac-8b6f-4a21739a3e18": "good", 
        "9357e715-b2dd-4548-be48-832a4ecfabe9": "poor", 
        "f85742d4-5ab5-4a62-914a-b26b3a0074c0": "very bad"
    }, 
    "External Xref Type": {
        "b81b6d3d-6b0c-4641-a1d0-ab5fc15afa3b": "Building Permit Number", 
        "956c9b60-7692-43f8-9ae1-54c8597e0031": "California Historic Landmark Number", 
        "908f32ef-7e0a-47a2-b026-0827ba285d2a": "California Point of Historical Interest Number", 
        "7b84fb44-98e2-4a84-8b11-2bd622987000": "California Register of Historic Resources Number", 
        "5fc7797f-d86b-40cb-ae15-0b9f23c4a3db": "HKU Library Item ID", 
        "e1f6e365-d397-47c3-94d3-1ec3e5f46349": "House ID", 
        "67a0835b-207d-46f6-943e-866e4e752e4c": "Los Angeles Historic Cultural Monument Number", 
        "6ae93076-9c98-434b-834b-942510defc37": "National Register of Historic Places Reference Number", 
        "1b0d1983-20ff-42c3-bf1f-9fd6caab68f6": "Persistent Identifier (PI)", 
        "8381ebef-10ea-4267-972a-d95d5dfe1ea8": "Processing ID", 
        "80eb2de5-2e47-40c7-8987-bf937becd4a1": "Property Identification Number", 
        "ed013ace-7945-4419-9ca2-05e713ebc459": "SurveyLA ID", 
        "2b93cf76-bd6f-4206-bd3d-cc68e973eb92": "URL"
    }, 
    "Construction Technique": {
        "23445386-e2ea-4fb8-ae93-08a89f642490": "Adobe", 
        "0485f43e-5161-4726-8ab9-8ad56f1f8f5c": "Brick", 
        "9e512c18-7f1c-41a5-950b-56df2d204a19": "Brick, English Bond", 
        "e0b9c5be-f89f-4704-8ac3-2daa6390e3b6": "Carved", 
        "758218ea-9cf0-488c-b5d4-d99a86c2a3d5": "Ceramic", 
        "693118ed-243f-422d-aed9-72fd9e01b386": "Chinese Gables \u4e94\u5cb3\u671d\u5929 ('Five Peaks Pay Tribute to Heaven')", 
        "e2ea5839-646b-4465-bccd-66aab3d39e75": "Concrete, masonry unit", 
        "50069981-89d5-4237-a51b-9adcde9b4c98": "Concrete, poured/precast", 
        "c52f5969-eaab-4c48-b3e5-d1e842b3ab87": "Corrogated metal", 
        "37502df5-3a27-4638-a281-24206aac46eb": "Cut-and-Paste Shard Work", 
        "3dffd627-4cb1-4d3f-bfbd-4b31ca54ea22": "Hollow clay tile", 
        "c1cd05a7-d2f0-4456-87e6-0d282ca130c8": "Post-and-beam", 
        "afb8d7c7-6548-47d0-b2c0-6f619a500114": "Steel", 
        "f25111b2-ae46-4000-9261-6ea4ab5a520b": "Stone", 
        "a7e0e74f-63b4-41a1-b2cb-b34de1f32f00": "Tile", 
        "c724a315-bbe2-443a-8d11-ea88f5a1708a": "Unknown", 
        "83db3239-b07e-4a14-ae9b-608576725c2e": "Wood"
    }, 
    "Keyword": {
        "2134d612-29a2-44c0-b800-33a13c82e29b": "'Five Wais (Walled villages) and Six Tsuens (Villages)' of the Tang clan", 
        "4fa59b9d-92cc-4493-986d-9377b4e93114": "Art", 
        "559e6d91-5a77-45bc-9296-f2ea09ceeea1": "Authorized Architect", 
        "9886df17-b992-4f83-98de-8333e3f60c58": "Confucianism", 
        "4e9d4311-6418-4091-ba81-fdf0374de8f6": "Docomomo", 
        "1cbcf1f1-6cc1-4ac4-b97c-54aff58be736": "Fire Dragon Dance", 
        "931d7738-eb9b-4a29-a07a-0f6505283b90": "Great Five Clans of Hong Kong \u65b0\u754c\u4e94\u5927\u6c0f\u65cf - \u9127\u6587\u5ed6\u4faf\u5f6d", 
        "4de94a1d-3f46-475b-9510-c89dac6c7555": "HKIA", 
        "d7cfa5f2-eea2-46e5-bcb7-878505420db0": "Hakka \u5ba2\u5bb6\u4eba", 
        "525d2c7e-d72e-41e6-98fc-641a3b29ea08": "Japanese Gendarmerie (Kempeitai \u61b2\u5175\u968a)", 
        "26d0127a-a21d-4380-b3fa-1098104546db": "MICE", 
        "d67dba8e-48b4-43ce-b03e-81e0a1fd31c0": "Modern Architecture", 
        "5a207b44-4d9b-4c7f-9c0f-99ec54148692": "Parsi", 
        "f4eb9fcd-f028-4674-aaf9-c0d01573864f": "Pokfulam Village Fire Dragon Dance", 
        "3b574c4a-f0b3-48b4-b484-b14ce6168557": "Public Housing", 
        "aeb5401e-2335-43c9-8a48-9a4440ea0d1a": "RIBA", 
        "233c56b9-bae4-4838-b572-c0a0182b82a2": "Religion", 
        "0ea01a6b-8ad9-4b0a-8adf-7876be43cc44": "Tang clan \u9127\u65cf", 
        "54715c7e-7ca4-47f9-a66e-c329128030cb": "The University of Hong Kong \u9999\u6e2f\u5927\u5b78", 
        "0a3053e8-cc46-4455-9460-d6ecaccd1bd8": "Tin Hau \u5929\u540e"
    }, 
    "External Source": {}, 
    "Integrity Type": {
        "9ac2ba8d-57a1-4b66-b47d-48976af0db84": "Association", 
        "cb786b41-68d4-4eba-b782-af54eeb5495e": "Design", 
        "f971627e-2899-47b0-a303-33f29053c4d0": "Feeling", 
        "4cad4e8a-4320-4bdd-bbda-224d2bb44229": "Location", 
        "c9fd29d5-d8ab-4db9-8707-37a73bcf39d6": "Materials", 
        "44fbf0fe-4e5a-47da-bff0-045d33f17793": "More research needed", 
        "977e2da5-5b50-4a8c-a5c3-8202c1df13d1": "No Integrity Aspects checked", 
        "901783da-f7cc-4563-ada3-d6b6ba5909aa": "Resource does not retain sufficient integrity to convey significance", 
        "11dee8bb-0aa8-4851-85eb-2abc812a05ee": "Retains sufficient integrity to convey significance", 
        "3aaf72e6-1479-497d-a31c-f956b2884363": "Setting", 
        "ee866f29-176b-48fe-9bdf-f80729950f30": "Workmanship"
    }, 
    "Heritage Resource Type": {
        "a79117ef-f6aa-4cf7-88b7-3910847d52bf": "Archaeological", 
        "3ae37615-90b4-48d8-a45e-0a5d947cced2": "Commercial", 
        "af810296-126a-42fe-8c13-ced63dc54a18": "Cultural Landscapes", 
        "693becaf-db14-4309-9f24-3ccb6fcfe8f5": "Government / Military", 
        "b5c32b7a-be6d-4456-a20d-e6b8a85110d2": "Government / Military (old ignore)", 
        "cafd7203-b909-40cb-aed6-011e63d70c1d": "Infrastructure", 
        "07066c50-1e2d-4191-a2f3-418fbaaec2cd": "Public Feature", 
        "bf4983cf-2804-48cc-bc48-0e8eb7db9924": "Public Use", 
        "17dfca9e-fa8e-461b-b2f1-2e3c1c7d82cf": "Religious Structure (& Associated Elements)", 
        "21fecebe-a1fe-463d-8612-4e808f7747ac": "Residential-District", 
        "b07c0c9c-442f-474f-b5cf-881d8120cf09": "Residential-Multifamily", 
        "7575ca8f-3902-445f-8ba6-5bff08a2ade5": "Residential-Single Family / Individual"
    }, 
    "Resource to Resource Relationship Types": {
        "ac41d9be-79db-4256-b368-2f4559cfbe55": "is related to"
    }, 
    "Description Type": {
        "6a84569c-4dd5-435e-9f77-d2e8f901ac52": "Architectural Description", 
        "a27bc4f6-4584-43ef-b703-129bf6262934": "Comments", 
        "9557d09b-7155-47d0-aff2-980d2a3f386e": "Dissertation Abstract", 
        "6e67fa52-0189-4093-b908-c74fb0da3eeb": "General Description", 
        "282abb61-ebe9-43f8-b18e-8a749b5f4398": "Primary", 
        "c419dd74-9133-45f3-a5f2-b13fa42282e7": "Resources", 
        "051b3edd-4c92-4e7d-9b70-e129a8182ac7": "Summary of Significance"
    }, 
    "Geometry Qualifier": {
        "de4b85b4-ffbc-4288-82a4-279415b33d62": "access point", 
        "b6426826-d3c9-41e5-8f8c-3daa168458a9": "buffer polygon", 
        "a9c12b5a-e429-4f2a-85d5-e40ff18ecfee": "center line", 
        "b843bfb2-aa42-4bf0-8cc3-9e6b143bdbac": "center point", 
        "a6944ee9-ae15-4036-a5c5-e2513bd4c077": "circumscribed polygon", 
        "ac367ad7-e6e9-4545-acad-d0347adcd14c": "facade point", 
        "8b4b0b6d-938a-4da2-830c-a3c1ac1c45ec": "footprint polygon", 
        "86fd6fa4-3b44-45f8-ab32-d6caa19c74af": "perimeter polygon", 
        "e3f2cba9-ffe4-4a36-a44e-be290fb2ba84": "property line", 
        "865f5f3b-e0fc-4115-a437-e8c1566ae606": "site datum point", 
        "322dbcd3-a2f3-4a74-b56b-08ecb5df211b": "vicinity point"
    }, 
    "Use Type": {
        "56bbc38b-9b0c-45be-9f71-5705cd35c2c5": "Current", 
        "d34ce0f8-bc0f-46a3-8da7-6cbbe9c366e3": "Historic"
    }, 
    "Related Feature": {
        "e8367fd1-27a0-4954-b3ce-539f02901bf1": "Altar", 
        "b51f75e9-8e05-49b0-9e2a-158646188c36": "Art", 
        "c22dd393-f572-43b2-a476-bc33d40637b0": "Ball Court", 
        "ed7e88d8-e2dc-44c3-885c-04a40524a28c": "Bell", 
        "f12660cc-accb-4c2e-ac38-a9506c988862": "Clock / Time-Keeping Device", 
        "c470f60f-061c-4ded-8851-a9248adcb61c": "Fence, Perimeter", 
        "16139300-a44f-4f20-af2d-3e04402c44b2": "Fountain", 
        "6725fc32-f6f8-4b5e-b39d-2f30e5e8a979": "Garage, Detached", 
        "76028a21-94e9-49ac-a5db-e928e8ab5a9c": "Garden / Courtyard", 
        "234c733c-51a3-4297-a860-cd7c9d4c4830": "Historic tree(s)", 
        "e6d8d5b3-c909-4fca-b7eb-dbe8cbfd87c6": "Kiln", 
        "de233b51-bfbc-40df-b85b-cbf9216ac384": "Landscape, Designed", 
        "779346a0-b223-4942-9d9c-70625b6945d6": "Lawn", 
        "3b322fa2-69c3-4080-8938-5d7d23e5a83e": "Mature vegetation", 
        "c44089da-b956-481c-a974-967119cdb5fc": "Mural", 
        "7a519389-a149-4a1b-8b89-ce06566123ee": "Pagoda", 
        "797ee088-b416-47c2-808d-6c21bd777bf2": "Parking Lot", 
        "b61b9f8c-4e84-4ae2-9b69-b0635a3da13d": "Pavilion", 
        "ba3d0793-0b08-4506-a64d-1d66309e18eb": "Pergola", 
        "c19d99f0-0848-4b9e-931c-6fda79d6dc0b": "Pond / Lake", 
        "9cee9fdc-7b87-4793-8f04-31b369e56e5d": "Quarters / Residence, Detached", 
        "bc2442eb-809f-4e95-af5e-ed125142026c": "Sculpture", 
        "3c686e6f-0ba7-4d59-9861-381a6a84b66e": "Shed, Storage", 
        "777b87f7-f6dc-48ac-9db5-3281cfeca9d8": "Signage", 
        "61e480a9-acef-41c6-86af-f35789808539": "Steps, Concrete", 
        "14115431-2730-4817-9815-6c4f53cc3aed": "Steps, Stone", 
        "06539cd5-5c5c-469b-8f68-5348c6a01ba8": "Steps, Wood", 
        "0fdfd1f8-0969-4491-87fb-efb3573d93ea": "Stone Plaque/Tablet", 
        "26028db3-4df1-4b4f-9b9d-40d0f66c84b2": "Stream / River", 
        "2992cbee-1327-4cf5-af20-128be4da9679": "Streetlight", 
        "cf47ef5b-4a68-4be9-9b08-bfa77964a5fc": "Swimming Pool", 
        "b6b95207-2d59-4868-b1f4-2091ffa452a5": "Tennis Court", 
        "1942d1d9-3619-419d-8280-c6ea33fc3cc1": "Tram line anchored to building", 
        "ea391d96-62a5-4b8e-b8c8-86a33dabbe97": "View of Sea", 
        "59b97433-fd9d-4096-ae19-812b4a40fe51": "Walkway", 
        "92ee7de9-1cfe-4675-b23e-68f812f3f52e": "Wall, Perimeter", 
        "200866c3-6e1b-4e95-b6f1-df9705718306": "Wall, Retaining", 
        "290a1873-e013-4524-8e25-bf7c3fe929c7": "Wood Plaque/Tablet"
    }, 
    "Beginning Of Existence Type": {
        "75e3ee0b-340e-4c81-acad-1bc97a255bfc": "Birth Date (of a person)", 
        "1385bddf-30e8-40b0-b175-cfaf6d906488": "Built Date (of a built site)", 
        "b24a006f-98dd-4f90-a121-42d893592c0c": "Creation Date (of an information resource?)", 
        "5a6ebe20-b979-40c6-81a4-c051c23a73f7": "Formation Date (of a group)", 
        "c5aacd2d-1936-485d-986c-4544457dbd03": "Restoration Date", 
        "5fab9c77-8b86-4154-9d92-2dc7f0386ea1": "Start Date (of an activity/event)"
    }, 
    "Disturbance Type": {
        "c5a3642a-d3bd-48bd-84f5-bd9e854e51c3": "biological", 
        "034b8541-7028-4a62-b0fc-b5bf3d94bb83": "climate change", 
        "e0b5585c-a84a-4d7b-a9bb-cb86561ad0e7": "geological", 
        "b4fa95e1-18e5-430e-b5b0-f9530c736fe5": "human-induced", 
        "acaae714-6cbc-4b03-b1ca-6a4459ea7968": "hydrological", 
        "1bdc8f43-d257-48a9-8706-beb8fc7c1b83": "meteorological"
    }, 
    "Evaluation Criteria Type": {
        "59725852-9cdc-4adc-8f02-a3909d8cf64b": "Architecture and Engineering, 1850-1980"
    }, 
    "Unit Of Measurement": {
        "75e7e146-2550-4306-b468-0aa723ff0c47": "centimeters", 
        "28eda620-da75-4166-8703-a10965976b66": "courtyards", 
        "9c18d5d0-07b9-46be-a660-7b9043174ccd": "feet", 
        "29369f7b-14db-4a6f-8629-de5225138692": "grams", 
        "7b8e65fc-eb76-4a3b-a28d-f8b3c3d34a49": "halls", 
        "7fbffbec-10b8-4efa-bcaa-982672c9c8d1": "hectares", 
        "0f217743-14a8-4f91-a38a-db4b36e9b9cc": "inches", 
        "e748769d-53c4-41a9-84a3-955248d5d8e4": "kilograms", 
        "7facb495-0e27-4081-9e4a-eaf95c8a45cc": "kilometers", 
        "a0b02501-98b5-4863-92e6-a84ccaf4277d": "meters", 
        "c38b942e-5b01-407e-8328-a482d91732e5": "miles", 
        "9b1745e4-1071-410a-a361-ce849639bb5f": "millimeters", 
        "d72bd7bb-17df-4f84-b6b7-b0bb6745cf3a": "ounces", 
        "805523ef-90e7-45e6-a983-62619a78c492": "pounds", 
        "c336e4bf-7397-48b9-9540-e7f067de7b94": "storeys", 
        "9774eca7-28c7-4adf-8064-a6c5c33de2be": "tons", 
        "a2d6a5e5-ad7f-4421-a933-d0a5c3d169fe": "yards"
    }
}