{
    "Name Type": {
        "466260e8-4825-48d2-b8aa-7d1befefe74b": "Alternative", 
        "0339d37d-bbbf-4c64-85e1-b92fc740f2fa": "Historic", 
        "a4c88313-52c5-4b6a-9579-3fc5aad17335": "Primary"
    }, 
    "Actor Type": {
        "934bb782-35e6-4db2-9f6a-157add8345bd": "Deity", 
        "7bd7e5ef-0f78-4683-9f7d-69b24319e086": "Group", 
        "b0446cac-3c0f-41d0-b43c-c162d44f0063": "Individual"
    }, 
    "Address Type": "Address Type does not appear to be configured with a valid concept collectionid", 
    "Keyword": {
        "2134d612-29a2-44c0-b800-33a13c82e29b": "'Five Wais (Walled villages) and Six Tsuens (Villages)' of the Tang clan", 
        "4fa59b9d-92cc-4493-986d-9377b4e93114": "Art", 
        "559e6d91-5a77-45bc-9296-f2ea09ceeea1": "Authorized Architect", 
        "9886df17-b992-4f83-98de-8333e3f60c58": "Confucianism", 
        "4e9d4311-6418-4091-ba81-fdf0374de8f6": "Docomomo", 
        "1cbcf1f1-6cc1-4ac4-b97c-54aff58be736": "Fire Dragon Dance", 
        "931d7738-eb9b-4a29-a07a-0f6505283b90": "Great Five Clans of Hong Kong \u65b0\u754c\u4e94\u5927\u6c0f\u65cf - \u9127\u6587\u5ed6\u4faf\u5f6d", 
        "4de94a1d-3f46-475b-9510-c89dac6c7555": "HKIA", 
        "d7cfa5f2-eea2-46e5-bcb7-878505420db0": "Hakka \u5ba2\u5bb6\u4eba", 
        "525d2c7e-d72e-41e6-98fc-641a3b29ea08": "Japanese Gendarmerie (Kempeitai \u61b2\u5175\u968a)", 
        "26d0127a-a21d-4380-b3fa-1098104546db": "MICE", 
        "d67dba8e-48b4-43ce-b03e-81e0a1fd31c0": "Modern Architecture", 
        "5a207b44-4d9b-4c7f-9c0f-99ec54148692": "Parsi", 
        "f4eb9fcd-f028-4674-aaf9-c0d01573864f": "Pokfulam Village Fire Dragon Dance", 
        "3b574c4a-f0b3-48b4-b484-b14ce6168557": "Public Housing", 
        "aeb5401e-2335-43c9-8a48-9a4440ea0d1a": "RIBA", 
        "233c56b9-bae4-4838-b572-c0a0182b82a2": "Religion", 
        "0ea01a6b-8ad9-4b0a-8adf-7876be43cc44": "Tang clan \u9127\u65cf", 
        "54715c7e-7ca4-47f9-a66e-c329128030cb": "The University of Hong Kong \u9999\u6e2f\u5927\u5b78", 
        "0a3053e8-cc46-4455-9460-d6ecaccd1bd8": "Tin Hau \u5929\u540e"
    }, 
    "External Source": {}, 
    "External Xref Type": {
        "b81b6d3d-6b0c-4641-a1d0-ab5fc15afa3b": "Building Permit Number", 
        "956c9b60-7692-43f8-9ae1-54c8597e0031": "California Historic Landmark Number", 
        "908f32ef-7e0a-47a2-b026-0827ba285d2a": "California Point of Historical Interest Number", 
        "7b84fb44-98e2-4a84-8b11-2bd622987000": "California Register of Historic Resources Number", 
        "5fc7797f-d86b-40cb-ae15-0b9f23c4a3db": "HKU Library Item ID", 
        "e1f6e365-d397-47c3-94d3-1ec3e5f46349": "House ID", 
        "67a0835b-207d-46f6-943e-866e4e752e4c": "Los Angeles Historic Cultural Monument Number", 
        "6ae93076-9c98-434b-834b-942510defc37": "National Register of Historic Places Reference Number", 
        "1b0d1983-20ff-42c3-bf1f-9fd6caab68f6": "Persistent Identifier (PI)", 
        "8381ebef-10ea-4267-972a-d95d5dfe1ea8": "Processing ID", 
        "80eb2de5-2e47-40c7-8987-bf937becd4a1": "Property Identification Number", 
        "ed013ace-7945-4419-9ca2-05e713ebc459": "SurveyLA ID", 
        "2b93cf76-bd6f-4206-bd3d-cc68e973eb92": "URL"
    }, 
    "Beginning Of Existence Type": {
        "75e3ee0b-340e-4c81-acad-1bc97a255bfc": "Birth Date (of a person)", 
        "1385bddf-30e8-40b0-b175-cfaf6d906488": "Built Date (of a built site)", 
        "b24a006f-98dd-4f90-a121-42d893592c0c": "Creation Date (of an information resource?)", 
        "5a6ebe20-b979-40c6-81a4-c051c23a73f7": "Formation Date (of a group)", 
        "c5aacd2d-1936-485d-986c-4544457dbd03": "Restoration Date", 
        "5fab9c77-8b86-4154-9d92-2dc7f0386ea1": "Start Date (of an activity/event)"
    }, 
    "Resource to Resource Relationship Types": {
        "ac41d9be-79db-4256-b368-2f4559cfbe55": "is related to"
    }, 
    "End Of Existence Type": {
        "fc67f54c-4adc-403a-bc04-347e495ddc7b": "Death Date (of a person)", 
        "c7bdb692-29dc-454d-aa63-9facf70f13ac": "Demolition Date (of a built site?)", 
        "4174108b-ec8b-4484-a43f-5144aab5454d": "Destruction Date (? no idea)", 
        "0953a03d-b34d-4181-b909-0444b30889ea": "Dissolution Date (of a group)", 
        "8b756e81-50bb-4138-bad6-e16e27574b27": "End Date (of an activity/event)"
    }, 
    "Cultural Period": {
        "eeaee720-8269-4b61-af9a-57549b73cb47": "20th Century", 
        "27e78dd7-c52e-419e-9804-fdb3a0283aa7": "21st Century", 
        "39b7ec02-80b2-4904-bbab-16efc35e45a4": "Chinese Dynasties", 
        "628f2f5a-a82a-48b5-bd5a-234e97359d55": "EARLY MED. OR LATER", 
        "6fcd22cd-783a-45f8-bddd-3811c4d3fba2": "Early Medieval", 
        "3af856eb-4bfb-41ce-a06c-a8e62400c56b": "Japanese Occupation (1941-1945)", 
        "b181b02b-1498-4bea-ba1f-583151a36457": "Medieval", 
        "70b82d6c-4c07-4ed7-a5b4-0091dfac22b7": "PREHISTORIC OR ROMAN", 
        "4c286e21-3452-4bfa-a928-cfe8ed066cb2": "Post Medieval", 
        "b3ecb6f5-67e5-4698-8bfa-f45d3466615b": "Prehistoric", 
        "5183ec29-9fc4-42aa-8d52-a5cc989bcb0a": "Roman", 
        "8f1fbed5-ba21-41f2-b848-44944421caaa": "Uncertain"
    }, 
    "Description Type": {
        "6a84569c-4dd5-435e-9f77-d2e8f901ac52": "Architectural Description", 
        "a27bc4f6-4584-43ef-b703-129bf6262934": "Comments", 
        "9557d09b-7155-47d0-aff2-980d2a3f386e": "Dissertation Abstract", 
        "6e67fa52-0189-4093-b908-c74fb0da3eeb": "General Description", 
        "282abb61-ebe9-43f8-b18e-8a749b5f4398": "Primary", 
        "c419dd74-9133-45f3-a5f2-b13fa42282e7": "Resources", 
        "051b3edd-4c92-4e7d-9b70-e129a8182ac7": "Summary of Significance"
    }, 
    "Administrative Subdivision Type": "Administrative Subdivision Type does not appear to be configured with a valid concept collectionid", 
    "Geometry Qualifier": "Geometry Qualifier does not appear to be configured with a valid concept collectionid"
}